{
  "products": [
    {
      "id": 1,
      "name": "Monkey Photo",
      "description": "Kutralam",
      "manufacturer": "Yuvaraj",
      "price": 100,
      "quantity": "https://instagram.fmaa6-1.fna.fbcdn.net/v/t51.2885-15/e35/c0.135.1080.1080a/s150x150/123242795_374064007343134_570432254489114834_n.jpg?_nc_ht=instagram.fmaa6-1.fna.fbcdn.net&_nc_cat=110&_nc_ohc=HXJZVazrdrEAX_INZSA&tp=1&oh=bd04fea7df8500b9e99d99ba9992ca3e&oe=5FF4038A"
    },
    {
      "name": "Indian Roller",
      "description": "Birds",
      "manufacturer": "Yuvaraj ",
      "price": 100,
      "quantity": "https://instagram.fmaa6-1.fna.fbcdn.net/v/t51.2885-15/e35/c135.0.810.810a/s240x240/123140660_365429754664702_7457415104608787898_n.jpg?_nc_ht=instagram.fmaa6-1.fna.fbcdn.net&_nc_cat=110&_nc_ohc=Wk7Lj41QP8gAX_De_F2&tp=1&oh=2eafdc1286299a8588c396717120df1b&oe=5FF33166",
      "id": 2
    },
    {
      "id": 3,
      "name": "Bee Eaters",
      "description": "Birds",
      "manufacturer": "Yuvaraj",
      "price": 100,
      "quantity": "https://instagram.fmaa6-1.fna.fbcdn.net/v/t51.2885-15/e35/c135.0.810.810a/s150x150/128708701_161940738964188_8091114446957167453_n.jpg?_nc_ht=instagram.fmaa6-1.fna.fbcdn.net&_nc_cat=100&_nc_ohc=UFfKi3iFqUgAX8wCfgc&tp=1&oh=b42c52710a683f8cd1b12e8f44ef7a48&oe=5FF33610"
    },
    {
      "id": 4,
      "name": "Cattle egret",
      "description": "Bird",
      "manufacturer": "Yuvaraj ",
      "price": 120,
      "quantity": "https://instagram.fmaa6-1.fna.fbcdn.net/v/t51.2885-15/e35/c135.0.810.810a/s150x150/127978740_813967259445714_3060937802642805550_n.jpg?_nc_ht=instagram.fmaa6-1.fna.fbcdn.net&_nc_cat=106&_nc_ohc=WNZ3Vz4eruUAX8GNJmz&tp=1&oh=94ed367edcc88fce7514e18cd8a090b5&oe=5FF1B231"
    },
    {
      "id": 5,
      "name": "Parrot",
      "description": "Bird",
      "manufacturer": "Yuvaraj",
      "price": 200,
      "quantity": "https://instagram.fmaa6-1.fna.fbcdn.net/v/t51.2885-15/e35/c0.135.1080.1080a/s150x150/120079976_166412475075431_1770166395308269262_n.jpg?_nc_ht=instagram.fmaa6-1.fna.fbcdn.net&_nc_cat=111&_nc_ohc=gEKuOREu36kAX8HLAnE&tp=1&oh=5edcc9948cee2fce81f97765ff7dbb83&oe=5FF2C2E3"
    },
    {
      "id": 6,
      "name": "Digital Sketch",
      "description": "Art",
      "manufacturer": "Yuvaraj",
      "price": 500,
      "quantity": "https://instagram.fmaa6-1.fna.fbcdn.net/v/t51.2885-15/e35/c41.0.998.998a/s320x320/99002081_136492914677522_7493312200527887785_n.jpg?_nc_ht=instagram.fmaa6-1.fna.fbcdn.net&_nc_cat=102&_nc_ohc=SZi0e-SuUxEAX_Xcg0Y&tp=1&oh=0dd64ee117c2500be43c75a47d91da15&oe=5FF1E91C"
    },
    {
      "id": 7,
      "name": "Digital Painting",
      "description": "Art",
      "manufacturer": "Yuvaraj ",
      "price": 200,
      "quantity": "https://instagram.fmaa6-1.fna.fbcdn.net/v/t51.2885-15/e35/c77.0.926.926a/s150x150/95947582_171073604171656_2774697270510658068_n.jpg?_nc_ht=instagram.fmaa6-1.fna.fbcdn.net&_nc_cat=104&_nc_ohc=ZKgTUhAGBf4AX_vd67s&tp=1&oh=e9f808ed50bb10ced18bedd6e749c6fc&oe=5FF2CC60"
    },
    {
      "name": "RAY",
      "description": "Logo",
      "manufacturer": "Yuvaraj",
      "price": 500,
      "quantity": "https://instagram.fmaa6-1.fna.fbcdn.net/v/t51.2885-15/e35/s150x150/47583401_2005990792779765_3678816930705835302_n.jpg?_nc_ht=instagram.fmaa6-1.fna.fbcdn.net&_nc_cat=109&_nc_ohc=TVfrJRtK3MoAX8TWZaE&tp=1&oh=526f72c5a44830de37d9a08173511d15&oe=5FF1652F",
      "id": 8
    }
  ]
}