{
  "registers": [
    {
      "id": 1,
      "emailid": "fgfgf@gmail.com",
      "passwd": "fsgdvgfd",
      "firstname": "fgfg",
      "lastname": "fgfg",
      "location": "fdgfv",
      "mobile": 453545
    },
    {
      "emailid": "sayantan@dkfjdk.com",
      "passwd": "sayantansoker",
      "firstname": "sayantan",
      "lastname": "soker",
      "location": "dkfldkfdl",
      "mobile": 4545454,
      "id": 2
    },
    {
      "emailid": "sdsdsd@sdsd.com",
      "passwd": "szdsdsd",
      "firstname": "sdcsc",
      "lastname": "cacdsa",
      "location": "sdsdsd",
      "mobile": 45545,
      "id": 3
    },
    {
      "emailid": "yuvarajvelkumar@gmail.com",
      "passwd": "yuvaraj1003",
      "firstname": "yuva",
      "lastname": "raj",
      "location": "chennai",
      "mobile": 9551312308,
      "id": 4
    },
    {
      "emailid": "lambo@gmail.com",
      "passwd": "lambo123",
      "firstname": "lambo",
      "lastname": "jumbo",
      "location": "hgdg",
      "mobile": 6763453425454,
      "id": 5
    }
  ]
}